fname,lname,email,password,cardno,security,license
Wenxuan,Li,Li123@my.yorku.ca,Liaa,216403370,335,123456
first name,last name,email,password,credit card number,credit card security number,license
first name,last name,test@email.com,password,credit card number,credit card security number,license
Wen,Li,Li22@gmail.com,Li22,216403370,335,210380
WenXuan,Li,Li223@gmail.com,Liaa,216403370,335,216808
Wen,Li,Li33@my.yorku.ca,123456,12345678,123,1234567890
Wen,Li,Li44@my.yorku.ca,123456,12345678,123,1234567890
